<?xml version="1.0" encoding="UTF-8"?><?xml-stylesheet  href="../../theme/xsl/index2html.xslt" type="text/xsl"?>
<topics FeatureID="-1" title="Gallery" compressed="true">
  <topicref FeatureID="-1" href="SIE_HLP_EDIT_TEXT.html" navtitle="Edit text in images"></topicref>
  <topicref FeatureID="-1" href="SIE_HLP_EDIT_CLIPART.html" navtitle="Edit clip art"></topicref>
  <topicref FeatureID="-1" href="SIE_HLP_REDEYE.html" navtitle="Reduce red-eye effect"></topicref>
  <topicref FeatureID="-1" href="SIE_HLP_ZOOMING.html" navtitle="Edit zoomed images"></topicref>
  <topicref FeatureID="-1" href="SIE_HLP_MAIN.html" navtitle="Edit images"></topicref>
</topics>